ID,Name,Evolves_from,Type1,HP,Attack,Defense,Sp. Atk,Sp. Def,Speed
1,Bulbasaur,,Grass,45,49,49,65,65,45
2,Ivysaur,Bulbasaur,Grass,60,62,63,80,80,60
3,Venusaur,Ivysaur,Grass,80,82,83,100,100,80
3,Mega Venusaur,Venusaur,Grass,80,100,123,122,120,80
3,Venusaur Gigantamax,Venusaur,Grass,,,,,,
4,Charmander,,Fire,39,52,43,60,50,65
5,Charmeleon,Charmander,Fire,58,64,58,80,65,80
6,Mega Charizard Y,Charizard,Fire,78,104,78,159,115,100
6,Charizard Gigantamax,Charizard,Fire,,,,,,
6,Mega Charizard X,Charizard,Fire,78,130,111,130,85,100
6,Charizard,Charmeleon,Fire,78,84,78,109,85,100
7,Squirtle,,Water,44,48,65,50,64,43
8,Wartortle,Squirtle,Water,59,63,80,65,80,58
9,Blastoise Gigantamax,Blastoise,Water,,,,,,
9,Blastoise,Wartortle,Water,79,83,100,85,105,78
9,Mega Blastoise,Blastoise,Water,79,103,120,135,115,78
10,Caterpie,,Bug,45,30,35,20,20,45
11,Metapod,Caterpie,Bug,50,20,55,25,25,30
12,Butterfree Gigantamax,Butterfree,Bug,,,,,,
12,Butterfree,Metapod,Bug,60,45,50,90,80,70
13,Weedle,,Bug,40,35,30,20,20,50
14,Kakuna,Weedle,Bug,45,25,50,25,25,35
15,Beedrill,Kakuna,Bug,65,90,40,45,80,75
15,Mega Beedrill,Beedrill,Bug,65,150,40,15,80,145
16,Pidgey,,Normal,40,45,40,35,35,56
17,Pidgeotto,Pidgey,Normal,63,60,55,50,50,71
18,Pidgeot,Pidgeotto,Normal,83,80,75,70,70,101
18,Mega Pidgeot,Pidgeot,Normal,83,80,80,135,80,121
19,Rattata,,Normal,30,56,35,25,35,72
19,Alolan Rattata,,Dark,30,56,35,25,35,72
20,Raticate,Rattata,Normal,55,81,60,50,70,97
20,Alolan Raticate,Rattata,Dark,75,71,70,40,80,77
21,Spearow,,Normal,40,60,30,31,31,70
22,Fearow,Spearow,Normal,65,90,65,61,61,100
23,Ekans,,Poison,35,60,44,40,54,55
24,Arbok,Ekans,Poison,60,95,69,65,79,80
25,Pikachu Gigantamax,Pikachu,Electric,,,,,,
25,Pikachu,Pichu,Electric,35,55,40,50,50,90
25,Partner Pikachu,Pichu,Electric,45,80,50,75,60,120
26,Alolan Raichu,Pikachu,Electric,60,85,50,95,85,110
26,Raichu,Pikachu,Electric,60,90,55,90,80,110
27,Alolan Sandshrew,,Ice,50,75,90,10,35,40
27,Sandshrew,,Ground,50,75,85,20,30,40
28,Sandslash,Sandshrew,Ground,75,100,110,45,55,65
28,Alolan Sandslash,Sandshrew,Ice,75,100,120,25,65,65
29,Nidoran♀,,Poison,55,47,52,40,40,41
30,Nidorina,Nidoran-f,Poison,70,62,67,55,55,56
31,Nidoqueen,Nidorina,Poison,90,92,87,75,85,76
32,Nidoran♂,,Poison,46,57,40,40,40,50
33,Nidorino,Nidoran-m,Poison,61,72,57,55,55,65
34,Nidoking,Nidorino,Poison,81,102,77,85,75,85
35,Clefairy,Cleffa,Fairy,70,45,48,60,65,35
36,Clefable,Clefairy,Fairy,95,70,73,95,90,60
37,Vulpix,,Fire,38,41,40,50,65,65
37,Alolan Vulpix,,Ice,38,41,40,50,65,65
38,Ninetales,Vulpix,Fire,73,76,75,81,100,100
38,Alolan Ninetales,Vulpix,Ice,73,67,75,81,100,109
39,Jigglypuff,Igglybuff,Normal,115,45,20,45,25,20
40,Wigglytuff,Jigglypuff,Normal,140,70,45,85,50,45
41,Zubat,,Poison,40,45,35,30,40,55
42,Golbat,Zubat,Poison,75,80,70,65,75,90
43,Oddish,,Grass,45,50,55,75,65,30
44,Gloom,Oddish,Grass,60,65,70,85,75,40
45,Vileplume,Gloom,Grass,75,80,85,110,90,50
46,Paras,,Bug,35,70,55,45,55,25
47,Parasect,Paras,Bug,60,95,80,60,80,30
48,Venonat,,Bug,60,55,50,40,55,45
49,Venomoth,Venonat,Bug,70,65,60,90,75,90
50,Alolan Diglett,,Ground,10,55,30,35,45,90
50,Diglett,,Ground,10,55,25,35,45,95
51,Alolan Dugtrio,Diglett,Ground,35,100,60,50,70,110
51,Dugtrio,Diglett,Ground,35,100,50,50,70,120
52,Meowth,,Normal,40,45,35,40,40,90
52,Alolan Meowth,,Dark,40,35,35,50,40,90
52,Galarian Meowth,,Steel,50,65,55,40,40,40
52,Meowth Gigantamax,Meowth,Normal,,,,,,
53,Persian,Meowth,Normal,65,70,60,65,65,115
53,Alolan Persian,Meowth,Dark,65,60,60,75,65,115
54,Psyduck,,Water,50,52,48,65,50,55
55,Golduck,Psyduck,Water,80,82,78,95,80,85
56,Mankey,,Fighting,40,80,35,35,45,70
57,Primeape,Mankey,Fighting,65,105,60,60,70,95
58,Hisuian Growlithe,,Fire,60,75,45,65,50,55
58,Growlithe,,Fire,55,70,45,70,50,60
59,Hisuian Arcanine,Growlithe,Fire,95,115,80,95,80,90
59,Arcanine,Growlithe,Fire,90,110,80,100,80,95
60,Poliwag,,Water,40,50,40,40,40,90
61,Poliwhirl,Poliwag,Water,65,65,65,50,50,90
62,Poliwrath,Poliwhirl,Water,90,95,95,70,90,70
63,Abra,,Psychic,25,20,15,105,55,90
64,Kadabra,Abra,Psychic,40,35,30,120,70,105
65,Alakazam,Kadabra,Psychic,55,50,45,135,95,120
65,Mega Alakazam,Alakazam,Psychic,55,50,65,175,105,150
66,Machop,,Fighting,70,80,50,35,35,35
67,Machoke,Machop,Fighting,80,100,70,50,60,45
68,Machamp Gigantamax,Machamp,Fighting,,,,,,
68,Machamp,Machoke,Fighting,90,130,80,65,85,55
69,Bellsprout,,Grass,50,75,35,70,30,40
70,Weepinbell,Bellsprout,Grass,65,90,50,85,45,55
71,Victreebel,Weepinbell,Grass,80,105,65,100,70,70
72,Tentacool,,Water,40,40,35,50,100,70
73,Tentacruel,Tentacool,Water,80,70,65,80,120,100
74,Geodude,,Rock,40,80,100,30,30,20
74,Alolan Geodude,,Rock,40,80,100,30,30,20
75,Graveler,Geodude,Rock,55,95,115,45,45,35
75,Alolan Graveler,Geodude,Rock,55,95,115,45,45,35
76,Golem,Graveler,Rock,80,120,130,55,65,45
76,Alolan Golem,Graveler,Rock,80,120,130,55,65,45
77,Ponyta,,Fire,50,85,55,65,65,90
77,Galarian Ponyta,,Psychic,50,85,55,65,65,90
78,Rapidash,Ponyta,Fire,65,100,70,80,80,105
78,Galarian Rapidash,Ponyta,Psychic,65,100,70,80,80,105
79,Galarian Slowpoke,,Psychic,90,65,65,40,40,15
79,Slowpoke,,Water,90,65,65,40,40,15
80,Mega Slowbro,Slowbro,Water,95,75,180,130,80,30
80,Galarian Slowbro,Slowpoke,Poison,95,100,95,100,70,30
80,Slowbro,Slowpoke,Water,95,75,110,100,80,30
81,Magnemite,,Electric,25,35,70,95,55,45
82,Magneton,Magnemite,Electric,50,60,95,120,70,70
83,Farfetch'd,,Normal,52,90,55,58,62,60
83,Galarian Farfetch'd,,Fighting,52,95,55,58,62,55
84,Doduo,,Normal,35,85,45,35,35,75
85,Dodrio,Doduo,Normal,60,110,70,60,60,110
86,Seel,,Water,65,45,55,45,70,45
87,Dewgong,Seel,Water,90,70,80,70,95,70
88,Grimer,,Poison,80,80,50,40,50,25
88,Alolan Grimer,,Poison,80,80,50,40,50,25
89,Alolan Muk,Grimer,Poison,105,105,75,65,100,50
89,Muk,Grimer,Poison,105,105,75,65,100,50
90,Shellder,,Water,30,65,100,45,25,40
91,Cloyster,Shellder,Water,50,95,180,85,45,70
92,Gastly,,Ghost,30,35,30,100,35,80
93,Haunter,Gastly,Ghost,45,50,45,115,55,95
94,Gengar,Haunter,Ghost,60,65,60,130,75,110
94,Gengar Gigantamax,Gengar,Ghost,,,,,,
94,Mega Gengar,Gengar,Ghost,60,65,80,170,95,130
95,Onix,,Rock,35,45,160,30,45,70
96,Drowzee,,Psychic,60,48,45,43,90,42
97,Hypno,Drowzee,Psychic,85,73,70,73,115,67
98,Krabby,,Water,30,105,90,25,25,50
99,Kingler Gigantamax,Kingler,Water,,,,,,
99,Kingler,Krabby,Water,55,130,115,50,50,75
100,Hisuian Voltorb,,Electric,40,30,50,55,55,100
100,Voltorb,,Electric,40,30,50,55,55,100
101,Hisuian Electrode,Voltorb,Electric,60,50,70,80,80,150
101,Electrode,Voltorb,Electric,60,50,70,80,80,150
102,Exeggcute,,Grass,60,40,80,60,45,40
103,Alolan Exeggutor,Exeggcute,Grass,95,105,85,125,75,45
103,Exeggutor,Exeggcute,Grass,95,95,85,125,75,55
104,Cubone,,Ground,50,50,95,40,50,35
105,Alolan Marowak,Cubone,Fire,60,80,110,50,80,45
105,Marowak,Cubone,Ground,60,80,110,50,80,45
106,Hitmonlee,Tyrogue,Fighting,50,120,53,35,110,87
107,Hitmonchan,Tyrogue,Fighting,50,105,79,35,110,76
108,Lickitung,,Normal,90,55,75,60,75,30
109,Koffing,,Poison,40,65,95,60,45,35
110,Weezing,Koffing,Poison,65,90,120,85,70,60
110,Galarian Weezing,Koffing,Poison,65,90,120,85,70,60
111,Rhyhorn,,Ground,80,85,95,30,30,25
112,Rhydon,Rhyhorn,Ground,105,130,120,45,45,40
113,Chansey,Happiny,Normal,250,5,5,35,105,50
114,Tangela,,Grass,65,55,115,100,40,60
115,Kangaskhan,,Normal,105,95,80,40,80,90
115,Mega Kangaskhan,Kangaskhan,Normal,105,125,100,60,100,100
116,Horsea,,Water,30,40,70,70,25,60
117,Seadra,Horsea,Water,55,65,95,95,45,85
118,Goldeen,,Water,45,67,60,35,50,63
119,Seaking,Goldeen,Water,80,92,65,65,80,68
120,Staryu,,Water,30,45,55,70,55,85
121,Starmie,Staryu,Water,60,75,85,100,85,115
122,Mime Galarian Mr. Mime,Mime-jr,Ice,50,65,65,90,90,100
122,Mr. Mime,Mime-jr,Psychic,40,45,65,100,120,90
123,Scyther,,Bug,70,110,80,55,80,105
124,Jynx,Smoochum,Ice,65,50,35,115,95,95
125,Electabuzz,Elekid,Electric,65,83,57,95,85,105
126,Magmar,Magby,Fire,65,95,57,100,85,93
127,Mega Pinsir,Pinsir,Bug,65,155,120,65,90,105
127,Pinsir,,Bug,65,125,100,55,70,85
128,Tauros,,Normal,75,100,95,40,70,110
129,Magikarp,,Water,20,10,55,15,20,80
130,Mega Gyarados,Gyarados,Water,95,155,109,70,130,81
130,Gyarados,Magikarp,Water,95,125,79,60,100,81
131,Lapras Gigantamax,Lapras,Water,,,,,,
131,Lapras,,Water,130,85,80,85,95,60
132,Ditto,,Normal,48,48,48,48,48,48
133,Partner Eevee,,Normal,65,75,70,65,85,75
133,Eevee Gigantamax,Eevee,Normal,,,,,,
133,Eevee,,Normal,55,55,50,45,65,55
134,Vaporeon,Eevee,Water,130,65,60,110,95,65
135,Jolteon,Eevee,Electric,65,65,60,110,95,130
136,Flareon,Eevee,Fire,65,130,60,95,110,65
137,Porygon,,Normal,65,60,70,85,75,40
138,Omanyte,,Rock,35,40,100,90,55,35
139,Omastar,Omanyte,Rock,70,60,125,115,70,55
140,Kabuto,,Rock,30,80,90,55,45,55
141,Kabutops,Kabuto,Rock,60,115,105,65,70,80
142,Aerodactyl,,Rock,80,105,65,60,75,130
142,Mega Aerodactyl,Aerodactyl,Rock,80,135,85,70,95,150
143,Snorlax Gigantamax,Snorlax,Normal,,,,,,
143,Snorlax,Munchlax,Normal,160,110,65,65,110,30
144,Galarian Articuno,,Psychic,90,85,85,125,100,95
144,Articuno,,Ice,90,85,100,95,125,85
145,Galarian Zapdos,,Fighting,90,125,90,85,90,100
145,Zapdos,,Electric,90,90,85,125,90,100
146,Galarian Moltres,,Dark,90,85,90,100,125,90
146,Moltres,,Fire,90,100,90,125,85,90
147,Dratini,,Dragon,41,64,45,50,50,50
148,Dragonair,Dratini,Dragon,61,84,65,70,70,70
149,Dragonite,Dragonair,Dragon,91,134,95,100,100,80
150,Mega Mewtwo Y,Mewtwo,Psychic,106,150,70,194,120,140
150,Mega Mewtwo X,Mewtwo,Psychic,106,190,100,154,100,130
150,Mewtwo,,Psychic,106,110,90,154,90,130
151,Mew,,Psychic,100,100,100,100,100,100
152,Chikorita,,Grass,45,49,65,49,65,45
153,Bayleef,Chikorita,Grass,60,62,80,63,80,60
154,Meganium,Bayleef,Grass,80,82,100,83,100,80
155,Cyndaquil,,Fire,39,52,43,60,50,65
156,Quilava,Cyndaquil,Fire,58,64,58,80,65,80
157,Hisuian Typhlosion,Quilava,Fire,73,84,78,119,85,95
157,Typhlosion,Quilava,Fire,78,84,78,109,85,100
158,Totodile,,Water,50,65,64,44,48,43
159,Croconaw,Totodile,Water,65,80,80,59,63,58
160,Feraligatr,Croconaw,Water,85,105,100,79,83,78
161,Sentret,,Normal,35,46,34,35,45,20
162,Furret,Sentret,Normal,85,76,64,45,55,90
163,Hoothoot,,Normal,60,30,30,36,56,50
164,Noctowl,Hoothoot,Normal,100,50,50,86,96,70
165,Ledyba,,Bug,40,20,30,40,80,55
166,Ledian,Ledyba,Bug,55,35,50,55,110,85
167,Spinarak,,Bug,40,60,40,40,40,30
168,Ariados,Spinarak,Bug,70,90,70,60,70,40
169,Crobat,Golbat,Poison,85,90,80,70,80,130
170,Chinchou,,Water,75,38,38,56,56,67
171,Lanturn,Chinchou,Water,125,58,58,76,76,67
172,Pichu,,Electric,20,40,15,35,35,60
173,Cleffa,,Fairy,50,25,28,45,55,15
174,Igglybuff,,Normal,90,30,15,40,20,15
175,Togepi,,Fairy,35,20,65,40,65,20
176,Togetic,Togepi,Fairy,55,40,85,80,105,40
177,Natu,,Psychic,40,50,45,70,45,70
178,Xatu,Natu,Psychic,65,75,70,95,70,95
179,Mareep,,Electric,55,40,40,65,45,35
180,Flaaffy,Mareep,Electric,70,55,55,80,60,45
181,Ampharos,Flaaffy,Electric,90,75,85,115,90,55
181,Mega Ampharos,Ampharos,Electric,90,95,105,165,110,45
182,Bellossom,Gloom,Grass,75,80,95,90,100,50
183,Marill,Azurill,Water,70,20,50,20,50,40
184,Azumarill,Marill,Water,100,50,80,60,80,50
185,Sudowoodo,Bonsly,Rock,70,100,115,30,65,30
186,Politoed,Poliwhirl,Water,90,75,75,90,100,70
187,Hoppip,,Grass,35,35,40,35,55,50
188,Skiploom,Hoppip,Grass,55,45,50,45,65,80
189,Jumpluff,Skiploom,Grass,75,55,70,55,95,110
190,Aipom,,Normal,55,70,55,40,55,85
191,Sunkern,,Grass,30,30,30,30,30,30
192,Sunflora,Sunkern,Grass,75,75,55,105,85,30
193,Yanma,,Bug,65,65,45,75,45,95
194,Wooper,,Water,55,45,45,25,25,15
195,Quagsire,Wooper,Water,95,85,85,65,65,35
196,Espeon,Eevee,Psychic,65,65,60,130,95,110
197,Umbreon,Eevee,Dark,95,65,110,60,130,65
198,Murkrow,,Dark,60,85,42,85,42,91
199,Slowking,Slowpoke,Water,95,75,80,100,110,30
199,Galarian Slowking,Slowpoke,Poison,95,65,80,110,110,30
200,Misdreavus,,Ghost,60,60,60,85,85,85
201,Unown,,Psychic,48,72,48,72,48,48
202,Wobbuffet,Wynaut,Psychic,190,33,58,33,58,33
203,Girafarig,,Normal,70,80,65,90,65,85
204,Pineco,,Bug,50,65,90,35,35,15
205,Forretress,Pineco,Bug,75,90,140,60,60,40
206,Dunsparce,,Normal,100,70,70,65,65,45
207,Gligar,,Ground,65,75,105,35,65,85
208,Steelix,Onix,Steel,75,85,200,55,65,30
208,Mega Steelix,Steelix,Steel,75,125,230,55,95,30
209,Snubbull,,Fairy,60,80,50,40,40,30
210,Granbull,Snubbull,Fairy,90,120,75,60,60,45
211,Hisuian Qwilfish,,Dark,65,95,85,55,55,85
211,Qwilfish,,Water,65,95,85,55,55,85
212,Mega Scizor,Scizor,Bug,70,150,140,65,100,75
212,Scizor,Scyther,Bug,70,130,100,55,80,65
213,Shuckle,,Bug,20,10,230,10,230,5
214,Heracross,,Bug,80,125,75,40,95,85
214,Mega Heracross,Heracross,Bug,80,185,115,40,105,75
215,Hisuian Sneasel,,Poison,55,95,55,35,75,115
215,Sneasel,,Dark,55,95,55,35,75,115
216,Teddiursa,,Normal,60,80,50,50,50,40
217,Ursaring,Teddiursa,Normal,90,130,75,75,75,55
218,Slugma,,Fire,40,40,40,70,40,20
219,Magcargo,Slugma,Fire,60,50,120,90,80,30
220,Swinub,,Ice,50,50,40,30,30,50
221,Piloswine,Swinub,Ice,100,100,80,60,60,50
222,Corsola,,Water,65,55,95,65,95,35
222,Galarian Corsola,,Ghost,60,55,100,65,100,30
223,Remoraid,,Water,35,65,35,65,35,65
224,Octillery,Remoraid,Water,75,105,75,105,75,45
225,Delibird,,Ice,45,55,45,65,45,75
226,Mantine,Mantyke,Water,85,40,70,80,140,70
227,Skarmory,,Steel,65,80,140,40,70,70
228,Houndour,,Dark,45,60,30,80,50,65
229,Houndoom,Houndour,Dark,75,90,50,110,80,95
229,Mega Houndoom,Houndoom,Dark,75,90,90,140,90,115
230,Kingdra,Seadra,Water,75,95,95,95,95,85
231,Phanpy,,Ground,90,60,60,40,40,40
232,Donphan,Phanpy,Ground,90,120,120,60,60,50
233,Porygon2,Porygon,Normal,85,80,90,105,95,60
234,Stantler,,Normal,73,95,62,85,65,85
235,Smeargle,,Normal,55,20,35,20,45,75
236,Tyrogue,,Fighting,35,35,35,35,35,35
237,Hitmontop,Tyrogue,Fighting,50,95,95,35,110,70
238,Smoochum,,Ice,45,30,15,85,65,65
239,Elekid,,Electric,45,63,37,65,55,95
240,Magby,,Fire,45,75,37,70,55,83
241,Miltank,,Normal,95,80,105,40,70,100
242,Blissey,Chansey,Normal,255,10,10,75,135,55
243,Raikou,,Electric,90,85,75,115,100,115
244,Entei,,Fire,115,115,85,90,75,100
245,Suicune,,Water,100,75,115,90,115,85
246,Larvitar,,Rock,50,64,50,45,50,41
247,Pupitar,Larvitar,Rock,70,84,70,65,70,51
248,Mega Tyranitar,Tyranitar,Rock,100,164,150,95,120,71
248,Tyranitar,Pupitar,Rock,100,134,110,95,100,61
249,Lugia,,Psychic,106,90,130,90,154,110
250,Ho-oh,,Fire,106,130,90,110,154,90
251,Celebi,,Psychic,100,100,100,100,100,100
252,Treecko,,Grass,40,45,35,65,55,70
253,Grovyle,Treecko,Grass,50,65,45,85,65,95
254,Mega Sceptile,Sceptile,Grass,70,110,75,145,85,145
254,Sceptile,Grovyle,Grass,70,85,65,105,85,120
255,Torchic,,Fire,45,60,40,70,50,45
256,Combusken,Torchic,Fire,60,85,60,85,60,55
257,Blaziken,Combusken,Fire,80,120,70,110,70,80
257,Mega Blaziken,Blaziken,Fire,80,160,80,130,80,100
258,Mudkip,,Water,50,70,50,50,50,40
259,Marshtomp,Mudkip,Water,70,85,70,60,70,50
260,Mega Swampert,Swampert,Water,100,150,110,95,110,70
260,Swampert,Marshtomp,Water,100,110,90,85,90,60
261,Poochyena,,Dark,35,55,35,30,30,35
262,Mightyena,Poochyena,Dark,70,90,70,60,60,70
263,Zigzagoon,,Normal,38,30,41,30,41,60
263,Galarian Zigzagoon,,Dark,38,30,41,30,41,60
264,Linoone,Zigzagoon,Normal,78,70,61,50,61,100
264,Galarian Linoone,Zigzagoon,Dark,78,70,61,50,61,100
265,Wurmple,,Bug,45,45,35,20,30,20
266,Silcoon,Wurmple,Bug,50,35,55,25,25,15
267,Beautifly,Silcoon,Bug,60,70,50,100,50,65
268,Cascoon,Wurmple,Bug,50,35,55,25,25,15
269,Dustox,Cascoon,Bug,60,50,70,50,90,65
270,Lotad,,Water,40,30,30,40,50,30
271,Lombre,Lotad,Water,60,50,50,60,70,50
272,Ludicolo,Lombre,Water,80,70,70,90,100,70
273,Seedot,,Grass,40,40,50,30,30,30
274,Nuzleaf,Seedot,Grass,70,70,40,60,40,60
275,Shiftry,Nuzleaf,Grass,90,100,60,90,60,80
276,Taillow,,Normal,40,55,30,30,30,85
277,Swellow,Taillow,Normal,60,85,60,75,50,125
278,Wingull,,Water,40,30,30,55,30,85
279,Pelipper,Wingull,Water,60,50,100,95,70,65
280,Ralts,,Psychic,28,25,25,45,35,40
281,Kirlia,Ralts,Psychic,38,35,35,65,55,50
282,Gardevoir,Kirlia,Psychic,68,65,65,125,115,80
282,Mega Gardevoir,Gardevoir,Psychic,68,85,65,165,135,100
283,Surskit,,Bug,40,30,32,50,52,65
284,Masquerain,Surskit,Bug,70,60,62,100,82,80
285,Shroomish,,Grass,60,40,60,40,60,35
286,Breloom,Shroomish,Grass,60,130,80,60,60,70
287,Slakoth,,Normal,60,60,60,35,35,30
288,Vigoroth,Slakoth,Normal,80,80,80,55,55,90
289,Slaking,Vigoroth,Normal,150,160,100,95,65,100
290,Nincada,,Bug,31,45,90,30,30,40
291,Ninjask,Nincada,Bug,61,90,45,50,50,160
292,Shedinja,Nincada,Bug,1,90,45,30,30,40
293,Whismur,,Normal,64,51,23,51,23,28
294,Loudred,Whismur,Normal,84,71,43,71,43,48
295,Exploud,Loudred,Normal,104,91,63,91,73,68
296,Makuhita,,Fighting,72,60,30,20,30,25
297,Hariyama,Makuhita,Fighting,144,120,60,40,60,50
298,Azurill,,Normal,50,20,40,20,40,20
299,Nosepass,,Rock,30,45,135,45,90,30
300,Skitty,,Normal,50,45,45,35,35,50
301,Delcatty,Skitty,Normal,70,65,65,55,55,90
302,Mega Sableye,Sableye,Dark,50,85,125,85,115,20
302,Sableye,,Dark,50,75,75,65,65,50
303,Mawile,,Steel,50,85,85,55,55,50
303,Mega Mawile,Mawile,Steel,50,105,125,55,95,50
304,Aron,,Steel,50,70,100,40,40,30
305,Lairon,Aron,Steel,60,90,140,50,50,40
306,Aggron,Lairon,Steel,70,110,180,60,60,50
306,Mega Aggron,Aggron,Steel,70,140,230,60,80,50
307,Meditite,,Fighting,30,40,55,40,55,60
308,Medicham,Meditite,Fighting,60,60,75,60,75,80
308,Mega Medicham,Medicham,Fighting,60,100,85,80,85,100
309,Electrike,,Electric,40,45,40,65,40,65
310,Manectric,Electrike,Electric,70,75,60,105,60,105
310,Mega Manectric,Manectric,Electric,70,75,80,135,80,135
311,Plusle,,Electric,60,50,40,85,75,95
312,Minun,,Electric,60,40,50,75,85,95
313,Volbeat,,Bug,65,73,75,47,85,85
314,Illumise,,Bug,65,47,75,73,85,85
315,Roselia,Budew,Grass,50,60,45,100,80,65
316,Gulpin,,Poison,70,43,53,43,53,40
317,Swalot,Gulpin,Poison,100,73,83,73,83,55
318,Carvanha,,Water,45,90,20,65,20,65
319,Mega Sharpedo,Sharpedo,Water,70,140,70,110,65,105
319,Sharpedo,Carvanha,Water,70,120,40,95,40,95
320,Wailmer,,Water,130,70,35,70,35,60
321,Wailord,Wailmer,Water,170,90,45,90,45,60
322,Numel,,Fire,60,60,40,65,45,35
323,Camerupt,Numel,Fire,70,100,70,105,75,40
323,Mega Camerupt,Camerupt,Fire,70,120,100,145,105,20
324,Torkoal,,Fire,70,85,140,85,70,20
325,Spoink,,Psychic,60,25,35,70,80,60
326,Grumpig,Spoink,Psychic,80,45,65,90,110,80
327,Spinda,,Normal,60,60,60,60,60,60
328,Trapinch,,Ground,45,100,45,45,45,10
329,Vibrava,Trapinch,Ground,50,70,50,50,50,70
330,Flygon,Vibrava,Ground,80,100,80,80,80,100
331,Cacnea,,Grass,50,85,40,85,40,35
332,Cacturne,Cacnea,Grass,70,115,60,115,60,55
333,Swablu,,Normal,45,40,60,40,75,50
334,Altaria,Swablu,Dragon,75,70,90,70,105,80
334,Mega Altaria,Altaria,Dragon,75,110,110,110,105,80
335,Zangoose,,Normal,73,115,60,60,60,90
336,Seviper,,Poison,73,100,60,100,60,65
337,Lunatone,,Rock,90,55,65,95,85,70
338,Solrock,,Rock,90,95,85,55,65,70
339,Barboach,,Water,50,48,43,46,41,60
340,Whiscash,Barboach,Water,110,78,73,76,71,60
341,Corphish,,Water,43,80,65,50,35,35
342,Crawdaunt,Corphish,Water,63,120,85,90,55,55
343,Baltoy,,Ground,40,40,55,40,70,55
344,Claydol,Baltoy,Ground,60,70,105,70,120,75
345,Lileep,,Rock,66,41,77,61,87,23
346,Cradily,Lileep,Rock,86,81,97,81,107,43
347,Anorith,,Rock,45,95,50,40,50,75
348,Armaldo,Anorith,Rock,75,125,100,70,80,45
349,Feebas,,Water,20,15,20,10,55,80
350,Milotic,Feebas,Water,95,60,79,100,125,81
351,Castform,,Normal,70,70,70,70,70,70
351,Castform Sunny Form,,Fire,70,70,70,70,70,70
351,Castform Rainy Form,,Water,70,70,70,70,70,70
351,Castform Snowy Form,,Ice,70,70,70,70,70,70
352,Kecleon,,Normal,60,90,70,60,120,40
353,Shuppet,,Ghost,44,75,35,63,33,45
354,Mega Banette,Banette,Ghost,64,165,75,93,83,75
354,Banette,Shuppet,Ghost,64,115,65,83,63,65
355,Duskull,,Ghost,20,40,90,30,90,25
356,Dusclops,Duskull,Ghost,40,70,130,60,130,25
357,Tropius,,Grass,99,68,83,72,87,51
358,Chimecho,Chingling,Psychic,75,50,80,95,90,65
359,Absol,,Dark,65,130,60,75,60,75
359,Mega Absol,Absol,Dark,65,150,60,115,60,115
360,Wynaut,,Psychic,95,23,48,23,48,23
361,Snorunt,,Ice,50,50,50,50,50,50
362,Mega Glalie,Glalie,Ice,80,120,80,120,80,100
362,Glalie,Snorunt,Ice,80,80,80,80,80,80
363,Spheal,,Ice,70,40,50,55,50,25
364,Sealeo,Spheal,Ice,90,60,70,75,70,45
365,Walrein,Sealeo,Ice,110,80,90,95,90,65
366,Clamperl,,Water,35,64,85,74,55,32
367,Huntail,Clamperl,Water,55,104,105,94,75,52
368,Gorebyss,Clamperl,Water,55,84,105,114,75,52
369,Relicanth,,Water,100,90,130,45,65,55
370,Luvdisc,,Water,43,30,55,40,65,97
371,Bagon,,Dragon,45,75,60,40,30,50
372,Shelgon,Bagon,Dragon,65,95,100,60,50,50
373,Mega Salamence,Salamence,Dragon,95,145,130,120,90,120
373,Salamence,Shelgon,Dragon,95,135,80,110,80,100
374,Beldum,,Steel,40,55,80,35,60,30
375,Metang,Beldum,Steel,60,75,100,55,80,50
376,Mega Metagross,Metagross,Steel,80,145,150,105,110,110
376,Metagross,Metang,Steel,80,135,130,95,90,70
377,Regirock,,Rock,80,100,200,50,100,50
378,Regice,,Ice,80,50,100,100,200,50
379,Registeel,,Steel,80,75,150,75,150,50
380,Mega Latias,Latias,Dragon,80,100,120,140,150,110
380,Latias,,Dragon,80,80,90,110,130,110
381,Latios,,Dragon,80,90,80,130,110,110
381,Mega Latios,Latios,Dragon,80,130,100,160,120,110
382,Primal Kyogre,Kyogre,Water,100,150,90,180,160,90
382,Kyogre,,Water,100,100,90,150,140,90
383,Primal Groudon,Groudon,Ground,100,180,160,150,90,90
383,Groudon,,Ground,100,150,140,100,90,90
384,Mega Rayquaza,Rayquaza,Dragon,105,180,100,180,100,115
384,Rayquaza,,Dragon,105,150,90,150,90,95
385,Jirachi,,Steel,100,100,100,100,100,100
386,Deoxys Defense Forme,,Psychic,50,70,160,70,160,90
386,Deoxys Attack Forme,,Psychic,50,180,20,180,20,150
386,Deoxys Normal Forme,,Psychic,50,150,50,150,50,150
386,Deoxys Speed Forme,,Psychic,50,95,90,95,90,180
387,Turtwig,,Grass,55,68,64,45,55,31
388,Grotle,Turtwig,Grass,75,89,85,55,65,36
389,Torterra,Grotle,Grass,95,109,105,75,85,56
390,Chimchar,,Fire,44,58,44,58,44,61
391,Monferno,Chimchar,Fire,64,78,52,78,52,81
392,Infernape,Monferno,Fire,76,104,71,104,71,108
393,Piplup,,Water,53,51,53,61,56,40
394,Prinplup,Piplup,Water,64,66,68,81,76,50
395,Empoleon,Prinplup,Water,84,86,88,111,101,60
396,Starly,,Normal,40,55,30,30,30,60
397,Staravia,Starly,Normal,55,75,50,40,40,80
398,Staraptor,Staravia,Normal,85,120,70,50,60,100
399,Bidoof,,Normal,59,45,40,35,40,31
400,Bibarel,Bidoof,Normal,79,85,60,55,60,71
401,Kricketot,,Bug,37,25,41,25,41,25
402,Kricketune,Kricketot,Bug,77,85,51,55,51,65
403,Shinx,,Electric,45,65,34,40,34,45
404,Luxio,Shinx,Electric,60,85,49,60,49,60
405,Luxray,Luxio,Electric,80,120,79,95,79,70
406,Budew,,Grass,40,30,35,50,70,55
407,Roserade,Roselia,Grass,60,70,65,125,105,90
408,Cranidos,,Rock,67,125,40,30,30,58
409,Rampardos,Cranidos,Rock,97,165,60,65,50,58
410,Shieldon,,Rock,30,42,118,42,88,30
411,Bastiodon,Shieldon,Rock,60,52,168,47,138,30
412,Burmy Plant Cloak,,Bug,40,29,45,29,45,36
412,Burmy Sandy Cloak,,Bug,40,29,45,29,45,36
412,Burmy Trash Cloak,,Bug,40,29,45,29,45,36
413,Wormadam Plant Cloak,Burmy,Bug,60,59,85,79,105,36
413,Wormadam Sandy Cloak,Burmy,Bug,60,79,105,59,85,36
413,Wormadam Trash Cloak,Burmy,Bug,60,69,95,69,95,36
414,Mothim,Burmy,Bug,70,94,50,94,50,66
415,Combee,,Bug,30,30,42,30,42,70
416,Vespiquen,Combee,Bug,70,80,102,80,102,40
417,Pachirisu,,Electric,60,45,70,45,90,95
418,Buizel,,Water,55,65,35,60,30,85
419,Floatzel,Buizel,Water,85,105,55,85,50,115
420,Cherubi,,Grass,45,35,45,62,53,35
421,Cherrim,Cherubi,Grass,70,60,70,87,78,85
422,Shellos,,Water,76,48,48,57,62,34
423,Gastrodon,Shellos,Water,111,83,68,92,82,39
424,Ambipom,Aipom,Normal,75,100,66,60,66,115
425,Drifloon,,Ghost,90,50,34,60,44,70
426,Drifblim,Drifloon,Ghost,150,80,44,90,54,80
427,Buneary,,Normal,55,66,44,44,56,85
428,Mega Lopunny,Lopunny,Normal,65,136,94,54,96,135
428,Lopunny,Buneary,Normal,65,76,84,54,96,105
429,Mismagius,Misdreavus,Ghost,60,60,60,105,105,105
430,Honchkrow,Murkrow,Dark,100,125,52,105,52,71
431,Glameow,,Normal,49,55,42,42,37,85
432,Purugly,Glameow,Normal,71,82,64,64,59,112
433,Chingling,,Psychic,45,30,50,65,50,45
434,Stunky,,Poison,63,63,47,41,41,74
435,Skuntank,Stunky,Poison,103,93,67,71,61,84
436,Bronzor,,Steel,57,24,86,24,86,23
437,Bronzong,Bronzor,Steel,67,89,116,79,116,33
438,Bonsly,,Rock,50,80,95,10,45,10
439,Mime Jr.,,Psychic,20,25,45,70,90,60
440,Happiny,,Normal,100,5,5,15,65,30
441,Chatot,,Normal,76,65,45,92,42,91
442,Spiritomb,,Ghost,50,92,108,92,108,35
443,Gible,,Dragon,58,70,45,40,45,42
444,Gabite,Gible,Dragon,68,90,65,50,55,82
445,Garchomp,Gabite,Dragon,108,130,95,80,85,102
445,Mega Garchomp,Garchomp,Dragon,108,170,115,120,95,92
446,Munchlax,,Normal,135,85,40,40,85,5
447,Riolu,,Fighting,40,70,40,35,40,60
448,Mega Lucario,Lucario,Fighting,70,145,88,140,70,112
448,Lucario,Riolu,Fighting,70,110,70,115,70,90
449,Hippopotas,,Ground,68,72,78,38,42,32
450,Hippowdon,Hippopotas,Ground,108,112,118,68,72,47
451,Skorupi,,Poison,40,50,90,30,55,65
452,Drapion,Skorupi,Poison,70,90,110,60,75,95
453,Croagunk,,Poison,48,61,40,61,40,50
454,Toxicroak,Croagunk,Poison,83,106,65,86,65,85
455,Carnivine,,Grass,74,100,72,90,72,46
456,Finneon,,Water,49,49,56,49,61,66
457,Lumineon,Finneon,Water,69,69,76,69,86,91
458,Mantyke,,Water,45,20,50,60,120,50
459,Snover,,Grass,60,62,50,62,60,40
460,Abomasnow,Snover,Grass,90,92,75,92,85,60
460,Mega Abomasnow,Abomasnow,Grass,90,132,105,132,105,30
461,Weavile,Sneasel,Dark,70,120,65,45,85,125
462,Magnezone,Magneton,Electric,70,70,115,130,90,60
463,Lickilicky,Lickitung,Normal,110,85,95,80,95,50
464,Rhyperior,Rhydon,Ground,115,140,130,55,55,40
465,Tangrowth,Tangela,Grass,100,100,125,110,50,50
466,Electivire,Electabuzz,Electric,75,123,67,95,85,95
467,Magmortar,Magmar,Fire,75,95,67,125,95,83
468,Togekiss,Togetic,Fairy,85,50,95,120,115,80
469,Yanmega,Yanma,Bug,86,76,86,116,56,95
470,Leafeon,Eevee,Grass,65,110,130,60,65,95
471,Glaceon,Eevee,Ice,65,60,110,130,95,65
472,Gliscor,Gligar,Ground,75,95,125,45,75,95
473,Mamoswine,Piloswine,Ice,110,130,80,70,60,80
474,Porygon-Z,Porygon2,Normal,85,80,70,135,75,90
475,Gallade,Kirlia,Psychic,68,125,65,65,115,80
475,Mega Gallade,Gallade,Psychic,68,165,95,65,115,110
476,Probopass,Nosepass,Rock,60,55,145,75,150,40
477,Dusknoir,Dusclops,Ghost,45,100,135,65,135,45
478,Froslass,Snorunt,Ice,70,80,70,80,70,110
479,Fan Rotom,,Electric,50,65,107,105,107,86
479,Frost Rotom,,Electric,50,65,107,105,107,86
479,Wash Rotom,,Electric,50,65,107,105,107,86
479,Heat Rotom,,Electric,50,65,107,105,107,86
479,Rotom,,Electric,50,50,77,95,77,91
479,Mow Rotom,,Electric,50,65,107,105,107,86
480,Uxie,,Psychic,75,75,130,75,130,95
481,Mesprit,,Psychic,80,105,105,105,105,80
482,Azelf,,Psychic,75,125,70,125,70,115
483,Dialga,,Steel,100,120,120,150,100,90
483,Dialga Origin Forme,,Steel,100,100,120,150,120,90
484,Palkia Origin Forme,,Water,90,100,100,150,120,120
484,Palkia,,Water,90,120,100,150,120,100
485,Heatran,,Fire,91,90,106,130,106,77
486,Regigigas,,Normal,110,160,110,80,110,100
487,Giratina Origin Forme,,Ghost,150,120,100,120,100,90
487,Giratina Altered Forme,,Ghost,150,100,120,100,120,90
488,Cresselia,,Psychic,120,70,120,75,130,85
489,Phione,,Water,80,80,80,80,80,80
490,Manaphy,,Water,100,100,100,100,100,100
491,Darkrai,,Dark,70,90,90,135,90,125
492,Shaymin Land Forme,,Grass,100,100,100,100,100,100
492,Shaymin Sky Forme,,Grass,100,103,75,120,75,127
493,Arceus,,Normal,120,120,120,120,120,120
494,Victini,,Psychic,100,100,100,100,100,100
495,Snivy,,Grass,45,45,55,45,55,63
496,Servine,Snivy,Grass,60,60,75,60,75,83
497,Serperior,Servine,Grass,75,75,95,75,95,113
498,Tepig,,Fire,65,63,45,45,45,45
499,Pignite,Tepig,Fire,90,93,55,70,55,55
500,Emboar,Pignite,Fire,110,123,65,100,65,65
501,Oshawott,,Water,55,55,45,63,45,45
502,Dewott,Oshawott,Water,75,75,60,83,60,60
503,Samurott,Dewott,Water,95,100,85,108,70,70
503,Hisuian Samurott,Dewott,Water,90,108,80,100,65,85
504,Patrat,,Normal,45,55,39,35,39,42
505,Watchog,Patrat,Normal,60,85,69,60,69,77
506,Lillipup,,Normal,45,60,45,25,45,55
507,Herdier,Lillipup,Normal,65,80,65,35,65,60
508,Stoutland,Herdier,Normal,85,110,90,45,90,80
509,Purrloin,,Dark,41,50,37,50,37,66
510,Liepard,Purrloin,Dark,64,88,50,88,50,106
511,Pansage,,Grass,50,53,48,53,48,64
512,Simisage,Pansage,Grass,75,98,63,98,63,101
513,Pansear,,Fire,50,53,48,53,48,64
514,Simisear,Pansear,Fire,75,98,63,98,63,101
515,Panpour,,Water,50,53,48,53,48,64
516,Simipour,Panpour,Water,75,98,63,98,63,101
517,Munna,,Psychic,76,25,45,67,55,24
518,Musharna,Munna,Psychic,116,55,85,107,95,29
519,Pidove,,Normal,50,55,50,36,30,43
520,Tranquill,Pidove,Normal,62,77,62,50,42,65
521,Unfezant,Tranquill,Normal,80,115,80,65,55,93
522,Blitzle,,Electric,45,60,32,50,32,76
523,Zebstrika,Blitzle,Electric,75,100,63,80,63,116
524,Roggenrola,,Rock,55,75,85,25,25,15
525,Boldore,Roggenrola,Rock,70,105,105,50,40,20
526,Gigalith,Boldore,Rock,85,135,130,60,80,25
527,Woobat,,Psychic,65,45,43,55,43,72
528,Swoobat,Woobat,Psychic,67,57,55,77,55,114
529,Drilbur,,Ground,60,85,40,30,45,68
530,Excadrill,Drilbur,Ground,110,135,60,50,65,88
531,Mega Audino,Audino,Normal,103,60,126,80,126,50
531,Audino,,Normal,103,60,86,60,86,50
532,Timburr,,Fighting,75,80,55,25,35,35
533,Gurdurr,Timburr,Fighting,85,105,85,40,50,40
534,Conkeldurr,Gurdurr,Fighting,105,140,95,55,65,45
535,Tympole,,Water,50,50,40,50,40,64
536,Palpitoad,Tympole,Water,75,65,55,65,55,69
537,Seismitoad,Palpitoad,Water,105,95,75,85,75,74
538,Throh,,Fighting,120,100,85,30,85,45
539,Sawk,,Fighting,75,125,75,30,75,85
540,Sewaddle,,Bug,45,53,70,40,60,42
541,Swadloon,Sewaddle,Bug,55,63,90,50,80,42
542,Leavanny,Swadloon,Bug,75,103,80,70,80,92
543,Venipede,,Bug,30,45,59,30,39,57
544,Whirlipede,Venipede,Bug,40,55,99,40,79,47
545,Scolipede,Whirlipede,Bug,60,100,89,55,69,112
546,Cottonee,,Grass,40,27,60,37,50,66
547,Whimsicott,Cottonee,Grass,60,67,85,77,75,116
548,Petilil,,Grass,45,35,50,70,50,30
549,Hisuian Lilligant,Petilil,Grass,70,105,75,50,75,105
549,Lilligant,Petilil,Grass,70,60,75,110,75,90
550,Basculin White-Striped Form,,Water,70,92,65,80,55,98
550,Basculin Blue-Striped Form,,Water,70,92,65,80,55,98
550,Basculin Red-Striped Form,,Water,70,92,65,80,55,98
551,Sandile,,Ground,50,72,35,35,35,65
552,Krokorok,Sandile,Ground,60,82,45,45,45,74
553,Krookodile,Krokorok,Ground,95,117,80,65,70,92
554,Galarian Darumaka,,Ice,70,90,45,15,45,50
554,Darumaka,,Fire,70,90,45,15,45,50
555,Darmanitan Standard Mode,Darumaka,Fire,105,140,55,30,55,95
555,Darmanitan Galarian Zen Mode,Darumaka,Ice,105,160,55,30,55,135
555,Darmanitan Galarian Standard Mode,Darumaka,Ice,105,140,55,30,55,95
555,Darmanitan Zen Mode,Darumaka,Fire,105,30,105,140,105,55
556,Maractus,,Grass,75,86,67,106,67,60
557,Dwebble,,Bug,50,65,85,35,35,55
558,Crustle,Dwebble,Bug,70,105,125,65,75,45
559,Scraggy,,Dark,50,75,70,35,70,48
560,Scrafty,Scraggy,Dark,65,90,115,45,115,58
561,Sigilyph,,Psychic,72,58,80,103,80,97
562,Galarian Yamask,,Ground,38,55,85,30,65,30
562,Yamask,,Ghost,38,30,85,55,65,30
563,Cofagrigus,Yamask,Ghost,58,50,145,95,105,30
564,Tirtouga,,Water,54,78,103,53,45,22
565,Carracosta,Tirtouga,Water,74,108,133,83,65,32
566,Archen,,Rock,55,112,45,74,45,70
567,Archeops,Archen,Rock,75,140,65,112,65,110
568,Trubbish,,Poison,50,50,62,40,62,65
569,Garbodor Gigantamax,Garbodor,Poison,,,,,,
569,Garbodor,Trubbish,Poison,80,95,82,60,82,75
570,Zorua,,Dark,40,65,40,80,40,65
570,Hisuian Zorua,,Normal,35,60,40,85,40,70
571,Zoroark,Zorua,Dark,60,105,60,120,60,105
571,Hisuian Zoroark,Zorua,Normal,55,100,60,125,60,110
572,Minccino,,Normal,55,50,40,40,40,75
573,Cinccino,Minccino,Normal,75,95,60,65,60,115
574,Gothita,,Psychic,45,30,50,55,65,45
575,Gothorita,Gothita,Psychic,60,45,70,75,85,55
576,Gothitelle,Gothorita,Psychic,70,55,95,95,110,65
577,Solosis,,Psychic,45,30,40,105,50,20
578,Duosion,Solosis,Psychic,65,40,50,125,60,30
579,Reuniclus,Duosion,Psychic,110,65,75,125,85,30
580,Ducklett,,Water,62,44,50,44,50,55
581,Swanna,Ducklett,Water,75,87,63,87,63,98
582,Vanillite,,Ice,36,50,50,65,60,44
583,Vanillish,Vanillite,Ice,51,65,65,80,75,59
584,Vanilluxe,Vanillish,Ice,71,95,85,110,95,79
585,Deerling,,Normal,60,60,50,40,50,75
586,Sawsbuck,Deerling,Normal,80,100,70,60,70,95
587,Emolga,,Electric,55,75,60,75,60,103
588,Karrablast,,Bug,50,75,45,40,45,60
589,Escavalier,Karrablast,Bug,70,135,105,60,105,20
590,Foongus,,Grass,69,55,45,55,55,15
591,Amoonguss,Foongus,Grass,114,85,70,85,80,30
592,Frillish,,Water,55,40,50,65,85,40
593,Jellicent,Frillish,Water,100,60,70,85,105,60
594,Alomomola,,Water,165,75,80,40,45,65
595,Joltik,,Bug,50,47,50,57,50,65
596,Galvantula,Joltik,Bug,70,77,60,97,60,108
597,Ferroseed,,Grass,44,50,91,24,86,10
598,Ferrothorn,Ferroseed,Grass,74,94,131,54,116,20
599,Klink,,Steel,40,55,70,45,60,30
600,Klang,Klink,Steel,60,80,95,70,85,50
601,Klinklang,Klang,Steel,60,100,115,70,85,90
602,Tynamo,,Electric,35,55,40,45,40,60
603,Eelektrik,Tynamo,Electric,65,85,70,75,70,40
604,Eelektross,Eelektrik,Electric,85,115,80,105,80,50
605,Elgyem,,Psychic,55,55,55,85,55,30
606,Beheeyem,Elgyem,Psychic,75,75,75,125,95,40
607,Litwick,,Ghost,50,30,55,65,55,20
608,Lampent,Litwick,Ghost,60,40,60,95,60,55
609,Chandelure,Lampent,Ghost,60,55,90,145,90,80
610,Axew,,Dragon,46,87,60,30,40,57
611,Fraxure,Axew,Dragon,66,117,70,40,50,67
612,Haxorus,Fraxure,Dragon,76,147,90,60,70,97
613,Cubchoo,,Ice,55,70,40,60,40,40
614,Beartic,Cubchoo,Ice,95,130,80,70,80,50
615,Cryogonal,,Ice,80,50,50,95,135,105
616,Shelmet,,Bug,50,40,85,40,65,25
617,Accelgor,Shelmet,Bug,80,70,40,100,60,145
618,Stunfisk,,Ground,109,66,84,81,99,32
618,Galarian Stunfisk,,Ground,109,81,99,66,84,32
619,Mienfoo,,Fighting,45,85,50,55,50,65
620,Mienshao,Mienfoo,Fighting,65,125,60,95,60,105
621,Druddigon,,Dragon,77,120,90,60,90,48
622,Golett,,Ground,59,74,50,35,50,35
623,Golurk,Golett,Ground,89,124,80,55,80,55
624,Pawniard,,Dark,45,85,70,40,40,60
625,Bisharp,Pawniard,Dark,65,125,100,60,70,70
626,Bouffalant,,Normal,95,110,95,40,95,55
627,Rufflet,,Normal,70,83,50,37,50,60
628,Hisuian Braviary,Rufflet,Psychic,110,83,70,112,70,65
628,Braviary,Rufflet,Normal,100,123,75,57,75,80
629,Vullaby,,Dark,70,55,75,45,65,60
630,Mandibuzz,Vullaby,Dark,110,65,105,55,95,80
631,Heatmor,,Fire,85,97,66,105,66,65
632,Durant,,Bug,58,109,112,48,48,109
633,Deino,,Dark,52,65,50,45,50,38
634,Zweilous,Deino,Dark,72,85,70,65,70,58
635,Hydreigon,Zweilous,Dark,92,105,90,125,90,98
636,Larvesta,,Bug,55,85,55,50,55,60
637,Volcarona,Larvesta,Bug,85,60,65,135,105,100
638,Cobalion,,Steel,91,90,129,90,72,108
639,Terrakion,,Rock,91,129,90,72,90,108
640,Virizion,,Grass,91,90,72,90,129,108
641,Tornadus Incarnate Forme,,Flying,79,115,70,125,80,111
641,Tornadus Therian Forme,,Flying,79,100,80,110,90,121
642,Thundurus Therian Forme,,Electric,79,105,70,145,80,101
642,Thundurus Incarnate Forme,,Electric,79,115,70,125,80,111
643,Reshiram,,Dragon,100,120,100,150,120,90
644,Zekrom,,Dragon,100,150,120,120,100,90
645,Landorus Incarnate Forme,,Ground,89,125,90,115,80,101
645,Landorus Therian Forme,,Ground,89,145,90,105,80,91
646,Kyurem,,Dragon,125,130,90,130,90,95
646,Black Kyurem,,Dragon,125,170,100,120,90,95
646,White Kyurem,,Dragon,125,120,90,170,100,95
647,Keldeo Resolute Form,,Water,91,72,90,129,90,108
647,Keldeo Ordinary Form,,Water,91,72,90,129,90,108
648,Meloetta Pirouette Forme,,Normal,100,128,90,77,77,128
648,Meloetta Aria Forme,,Normal,100,77,77,128,128,90
649,Genesect,,Bug,71,120,95,120,95,99
650,Chespin,,Grass,56,61,65,48,45,38
651,Quilladin,Chespin,Grass,61,78,95,56,58,57
652,Chesnaught,Quilladin,Grass,88,107,122,74,75,64
653,Fennekin,,Fire,40,45,40,62,60,60
654,Braixen,Fennekin,Fire,59,59,58,90,70,73
655,Delphox,Braixen,Fire,75,69,72,114,100,104
656,Froakie,,Water,41,56,40,62,44,71
657,Frogadier,Froakie,Water,54,63,52,83,56,97
658,Greninja,Frogadier,Water,72,95,67,103,71,122
658,Ash-Greninja,Frogadier,Water,72,145,67,153,71,132
659,Bunnelby,,Normal,38,36,38,32,36,57
660,Diggersby,Bunnelby,Normal,85,56,77,50,77,78
661,Fletchling,,Normal,45,50,43,40,38,62
662,Fletchinder,Fletchling,Fire,62,73,55,56,52,84
663,Talonflame,Fletchinder,Fire,78,81,71,74,69,126
664,Scatterbug,,Bug,38,35,40,27,25,35
665,Spewpa,Scatterbug,Bug,45,22,60,27,30,29
666,Vivillon,Spewpa,Bug,80,52,50,90,50,89
667,Litleo,,Fire,62,50,58,73,54,72
668,Pyroar,Litleo,Fire,86,68,72,109,66,106
669,Flabébé,,Fairy,44,38,39,61,79,42
670,Floette,Flabebe,Fairy,54,45,47,75,98,52
671,Florges,Floette,Fairy,78,65,68,112,154,75
672,Skiddo,,Grass,66,65,48,62,57,52
673,Gogoat,Skiddo,Grass,123,100,62,97,81,68
674,Pancham,,Fighting,67,82,62,46,48,43
675,Pangoro,Pancham,Fighting,95,124,78,69,71,58
676,Furfrou,,Normal,75,80,60,65,90,102
677,Espurr,,Psychic,62,48,54,63,60,68
678,Meowstic Female,Espurr,Psychic,74,48,76,83,81,104
678,Meowstic Male,Espurr,Psychic,74,48,76,83,81,104
679,Honedge,,Steel,45,80,100,35,37,28
680,Doublade,Honedge,Steel,59,110,150,45,49,35
681,Aegislash Blade Forme,Doublade,Steel,60,140,50,140,50,60
681,Aegislash Shield Forme,Doublade,Steel,60,50,140,50,140,60
682,Spritzee,,Fairy,78,52,60,63,65,23
683,Aromatisse,Spritzee,Fairy,101,72,72,99,89,29
684,Swirlix,,Fairy,62,48,66,59,57,49
685,Slurpuff,Swirlix,Fairy,82,80,86,85,75,72
686,Inkay,,Dark,53,54,53,37,46,45
687,Malamar,Inkay,Dark,86,92,88,68,75,73
688,Binacle,,Rock,42,52,67,39,56,50
689,Barbaracle,Binacle,Rock,72,105,115,54,86,68
690,Skrelp,,Poison,50,60,60,60,60,30
691,Dragalge,Skrelp,Poison,65,75,90,97,123,44
692,Clauncher,,Water,50,53,62,58,63,44
693,Clawitzer,Clauncher,Water,71,73,88,120,89,59
694,Helioptile,,Electric,44,38,33,61,43,70
695,Heliolisk,Helioptile,Electric,62,55,52,109,94,109
696,Tyrunt,,Rock,58,89,77,45,45,48
697,Tyrantrum,Tyrunt,Rock,82,121,119,69,59,71
698,Amaura,,Rock,77,59,50,67,63,46
699,Aurorus,Amaura,Rock,123,77,72,99,92,58
700,Sylveon,Eevee,Fairy,95,65,65,110,130,60
701,Hawlucha,,Fighting,78,92,75,74,63,118
702,Dedenne,,Electric,67,58,57,81,67,101
703,Carbink,,Rock,50,50,150,50,150,50
704,Goomy,,Dragon,45,50,35,55,75,40
705,Hisuian Sliggoo,Goomy,Dragon,58,75,83,83,113,40
705,Sliggoo,Goomy,Dragon,68,75,53,83,113,60
706,Goodra,Sliggoo,Dragon,90,100,70,110,150,80
706,Hisuian Goodra,Sliggoo,Dragon,80,100,100,110,150,60
707,Klefki,,Steel,57,80,91,80,87,75
708,Phantump,,Ghost,43,70,48,50,60,38
709,Trevenant,Phantump,Ghost,85,110,76,65,82,56
710,Pumpkaboo Super Size,,Ghost,59,66,70,44,55,41
710,Pumpkaboo Large Size,,Ghost,54,66,70,44,55,46
710,Pumpkaboo Small Size,,Ghost,44,66,70,44,55,56
710,Pumpkaboo Average Size,,Ghost,49,66,70,44,55,51
711,Gourgeist Super Size,Pumpkaboo,Ghost,85,100,122,58,75,54
711,Gourgeist Large Size,Pumpkaboo,Ghost,75,95,122,58,75,69
711,Gourgeist Small Size,Pumpkaboo,Ghost,55,85,122,58,75,99
711,Gourgeist Average Size,Pumpkaboo,Ghost,65,90,122,58,75,84
712,Bergmite,,Ice,55,69,85,32,35,28
713,Hisuian Avalugg,Bergmite,Ice,95,127,184,34,36,38
713,Avalugg,Bergmite,Ice,95,117,184,44,46,28
714,Noibat,,Flying,40,30,35,45,40,55
715,Noivern,Noibat,Flying,85,70,80,97,80,123
716,Xerneas,,Fairy,126,131,95,131,98,99
717,Yveltal,,Dark,126,131,95,131,98,99
718,Zygarde Complete Forme,,Dragon,216,100,121,91,95,85
718,Zygarde 10% Forme,,Dragon,54,100,71,61,85,115
718,Zygarde 50% Forme,,Dragon,108,100,121,81,95,95
719,Mega Diancie,Diancie,Rock,50,160,110,160,110,110
719,Diancie,,Rock,50,100,150,100,150,50
720,Hoopa Unbound,,Psychic,80,160,60,170,130,80
720,Hoopa Confined,,Psychic,80,110,60,150,130,70
721,Volcanion,,Fire,80,110,120,130,90,70
722,Rowlet,,Grass,68,55,55,50,50,42
723,Dartrix,Rowlet,Grass,78,75,75,70,70,52
724,Hisuian Decidueye,Dartrix,Grass,88,112,80,95,95,60
724,Decidueye,Dartrix,Grass,78,107,75,100,100,70
725,Litten,,Fire,45,65,40,60,40,70
726,Torracat,Litten,Fire,65,85,50,80,50,90
727,Incineroar,Torracat,Fire,95,115,90,80,90,60
728,Popplio,,Water,50,54,54,66,56,40
729,Brionne,Popplio,Water,60,69,69,91,81,50
730,Primarina,Brionne,Water,80,74,74,126,116,60
731,Pikipek,,Normal,35,75,30,30,30,65
732,Trumbeak,Pikipek,Normal,55,85,50,40,50,75
733,Toucannon,Trumbeak,Normal,80,120,75,75,75,60
734,Yungoos,,Normal,48,70,30,30,30,45
735,Gumshoos,Yungoos,Normal,88,110,60,55,60,45
736,Grubbin,,Bug,47,62,45,55,45,46
737,Charjabug,Grubbin,Bug,57,82,95,55,75,36
738,Vikavolt,Charjabug,Bug,77,70,90,145,75,43
739,Crabrawler,,Fighting,47,82,57,42,47,63
740,Crabominable,Crabrawler,Fighting,97,132,77,62,67,43
741,Oricorio Pa'u Style,,Psychic,75,70,70,98,70,93
741,Oricorio Pom-Pom Style,,Electric,75,70,70,98,70,93
741,Oricorio Sensu Style,,Ghost,75,70,70,98,70,93
741,Oricorio Baile Style,,Fire,75,70,70,98,70,93
742,Cutiefly,,Bug,40,45,40,55,40,84
743,Ribombee,Cutiefly,Bug,60,55,60,95,70,124
744,Rockruff,,Rock,45,65,40,30,40,60
744,Own Tempo Rockruff,,Rock,45,65,40,30,40,60
745,Lycanroc Midday Form,Rockruff,Rock,75,115,65,55,65,112
745,Lycanroc Midnight Form,Rockruff,Rock,85,115,75,55,75,82
745,Lycanroc Dusk Form,Rockruff,Rock,75,117,65,55,65,110
746,Wishiwashi Solo Form,,Water,45,20,20,25,25,40
746,Wishiwashi School Form,,Water,45,140,130,140,135,30
747,Mareanie,,Poison,50,53,62,43,52,45
748,Toxapex,Mareanie,Poison,50,63,152,53,142,35
749,Mudbray,,Ground,70,100,70,45,55,45
750,Mudsdale,Mudbray,Ground,100,125,100,55,85,35
751,Dewpider,,Water,38,40,52,40,72,27
752,Araquanid,Dewpider,Water,68,70,92,50,132,42
753,Fomantis,,Grass,40,55,35,50,35,35
754,Lurantis,Fomantis,Grass,70,105,90,80,90,45
755,Morelull,,Grass,40,35,55,65,75,15
756,Shiinotic,Morelull,Grass,60,45,80,90,100,30
757,Salandit,,Poison,48,44,40,71,40,77
758,Salazzle,Salandit,Poison,68,64,60,111,60,117
759,Stufful,,Normal,70,75,50,45,50,50
760,Bewear,Stufful,Normal,120,125,80,55,60,60
761,Bounsweet,,Grass,42,30,38,30,38,32
762,Steenee,Bounsweet,Grass,52,40,48,40,48,62
763,Tsareena,Steenee,Grass,72,120,98,50,98,72
764,Comfey,,Fairy,51,52,90,82,110,100
765,Oranguru,,Normal,90,60,80,90,110,60
766,Passimian,,Fighting,100,120,90,40,60,80
767,Wimpod,,Bug,25,35,40,20,30,80
768,Golisopod,Wimpod,Bug,75,125,140,60,90,40
769,Sandygast,,Ghost,55,55,80,70,45,15
770,Palossand,Sandygast,Ghost,85,75,110,100,75,35
771,Pyukumuku,,Water,55,60,130,30,130,5
772,Type: Null,,Normal,95,95,95,95,95,59
773,Silvally,Type-null,Normal,95,95,95,95,95,95
774,Minior Meteor Form,,Rock,60,60,100,60,100,60
774,Minior Core Form,,Rock,60,100,60,100,60,120
775,Komala,,Normal,65,115,65,75,95,65
776,Turtonator,,Fire,60,78,135,91,85,36
777,Togedemaru,,Electric,65,98,63,40,73,96
778,Mimikyu,,Ghost,55,90,80,50,105,96
779,Bruxish,,Water,68,105,70,70,70,92
780,Drampa,,Normal,78,60,85,135,91,36
781,Dhelmise,,Ghost,70,131,100,86,90,40
782,Jangmo-o,,Dragon,45,55,65,45,45,45
783,Hakamo-o,Jangmo-o,Dragon,55,75,90,65,70,65
784,Kommo-o,Hakamo-o,Dragon,75,110,125,100,105,85
785,Tapu Koko,,Electric,70,115,85,95,75,130
786,Tapu Lele,,Psychic,70,85,75,130,115,95
787,Tapu Bulu,,Grass,70,130,115,85,95,75
788,Tapu Fini,,Water,70,75,115,95,130,85
789,Cosmog,,Psychic,43,29,31,29,31,37
790,Cosmoem,Cosmog,Psychic,43,29,131,29,131,37
791,Solgaleo,Cosmoem,Psychic,137,137,107,113,89,97
792,Lunala,Cosmoem,Psychic,137,113,89,137,107,97
793,Nihilego,,Rock,109,53,47,127,131,103
794,Buzzwole,,Bug,107,139,139,53,53,79
795,Pheromosa,,Bug,71,137,37,137,37,151
796,Xurkitree,,Electric,83,89,71,173,71,83
797,Celesteela,,Steel,97,101,103,107,101,61
798,Kartana,,Grass,59,181,131,59,31,109
799,Guzzlord,,Dark,223,101,53,97,53,43
800,Dusk Mane Necrozma,,Psychic,97,157,127,113,109,77
800,Necrozma,,Psychic,97,107,101,127,89,79
800,Dawn Wings Necrozma,,Psychic,97,113,109,157,127,77
800,Ultra Necrozma,,Psychic,97,167,97,167,97,129
801,Magearna,,Steel,80,95,115,130,115,65
802,Marshadow,,Fighting,90,125,80,90,90,125
803,Poipole,,Poison,67,73,67,73,67,73
804,Naganadel,Poipole,Poison,73,73,73,127,73,121
805,Stakataka,,Rock,61,131,211,53,101,13
806,Blacephalon,,Fire,53,127,53,151,79,107
807,Zeraora,,Electric,88,112,75,102,80,143
808,Meltan,,Steel,46,65,65,55,35,34
809,Melmetal Gigantamax,Melmetal,Steel,,,,,,
809,Melmetal,,Steel,135,143,143,80,65,34
810,Grookey,,Grass,50,65,50,40,40,65
811,Thwackey,Grookey,Grass,70,85,70,55,60,80
812,Rillaboom Gigantamax,Rillaboom,Grass,,,,,,
812,Rillaboom,Thwackey,Grass,100,125,90,60,70,85
813,Scorbunny,,Fire,50,71,40,40,40,69
814,Raboot,Scorbunny,Fire,65,86,60,55,60,94
815,Cinderace Gigantamax,Cinderace,Fire,,,,,,
815,Cinderace,Raboot,Fire,80,116,75,65,75,119
816,Sobble,,Water,50,40,40,70,40,70
817,Drizzile,Sobble,Water,65,60,55,95,55,90
818,Inteleon Gigantamax,Inteleon,Water,,,,,,
818,Inteleon,Drizzile,Water,70,85,65,125,65,120
819,Skwovet,,Normal,70,55,55,35,35,25
820,Greedent,Skwovet,Normal,120,95,95,55,75,20
821,Rookidee,,Flying,38,47,35,33,35,57
822,Corvisquire,Rookidee,Flying,68,67,55,43,55,77
823,Corviknight,Corvisquire,Flying,98,87,105,53,85,67
823,Corviknight Gigantamax,Corviknight,Flying,,,,,,
824,Blipbug,,Bug,25,20,20,25,45,45
825,Dottler,Blipbug,Bug,50,35,80,50,90,30
826,Orbeetle,Dottler,Bug,60,45,110,80,120,90
826,Orbeetle Gigantamax,Orbeetle,Bug,,,,,,
827,Nickit,,Dark,40,28,28,47,52,50
828,Thievul,Nickit,Dark,70,58,58,87,92,90
829,Gossifleur,,Grass,40,40,60,40,60,10
830,Eldegoss,Gossifleur,Grass,60,50,90,80,120,60
831,Wooloo,,Normal,42,40,55,40,45,48
832,Dubwool,Wooloo,Normal,72,80,100,60,90,88
833,Chewtle,,Water,50,64,50,38,38,44
834,Drednaw Gigantamax,Drednaw,Water,,,,,,
834,Drednaw,Chewtle,Water,90,115,90,48,68,74
835,Yamper,,Electric,59,45,50,40,50,26
836,Boltund,Yamper,Electric,69,90,60,90,60,121
837,Rolycoly,,Rock,30,40,50,40,50,30
838,Carkol,Rolycoly,Rock,80,60,90,60,70,50
839,Coalossal Gigantamax,Coalossal,Rock,,,,,,
839,Coalossal,Carkol,Rock,110,80,120,80,90,30
840,Applin,,Grass,40,40,80,40,40,20
841,Flapple,Applin,Grass,70,110,80,95,60,70
841,Flapple Gigantamax,Flapple,Grass,,,,,,
842,Appletun,Applin,Grass,110,85,80,100,80,30
842,Appletun Gigantamax,Appletun,Grass,,,,,,
843,Silicobra,,Ground,52,57,75,35,50,46
844,Sandaconda Gigantamax,Sandaconda,Ground,,,,,,
844,Sandaconda,Silicobra,Ground,72,107,125,65,70,71
845,Cramorant,,Flying,70,85,55,85,95,85
846,Arrokuda,,Water,41,63,40,40,30,66
847,Barraskewda,Arrokuda,Water,61,123,60,60,50,136
848,Toxel,,Electric,40,38,35,54,35,40
849,Toxtricity Amped Form,Toxel,Electric,75,98,70,114,70,75
849,Toxtricity Low Key Form,Toxel,Electric,75,98,70,114,70,75
850,Sizzlipede,,Fire,50,65,45,50,50,45
851,Centiskorch Gigantamax,Centiskorch,Fire,,,,,,
851,Centiskorch,Sizzlipede,Fire,100,115,65,90,90,65
852,Clobbopus,,Fighting,50,68,60,50,50,32
853,Grapploct,Clobbopus,Fighting,80,118,90,70,80,42
854,Sinistea,,Ghost,40,45,45,74,54,50
855,Polteageist,Sinistea,Ghost,60,65,65,134,114,70
856,Hatenna,,Psychic,42,30,45,56,53,39
857,Hattrem,Hatenna,Psychic,57,40,65,86,73,49
858,Hatterene,Hattrem,Psychic,57,90,95,136,103,29
858,Hatterene Gigantamax,Hatterene,Psychic,,,,,,
859,Impidimp,,Dark,45,45,30,55,40,50
860,Morgrem,Impidimp,Dark,65,60,45,75,55,70
861,Grimmsnarl Gigantamax,Grimmsnarl,Dark,,,,,,
861,Grimmsnarl,Morgrem,Dark,95,120,65,95,75,60
862,Obstagoon,Linoone,Dark,93,90,101,60,81,95
863,Perrserker,Meowth,Steel,70,110,100,50,60,50
864,Cursola,Corsola,Ghost,60,95,50,145,130,30
865,Sirfetch'd,Farfetchd,Fighting,62,135,95,68,82,65
866,Mr. Rime,Mr-mime,Ice,80,85,75,110,100,70
867,Runerigus,Yamask,Ground,58,95,145,50,105,30
868,Milcery,,Fairy,45,40,40,50,61,34
869,Alcremie,Milcery,Fairy,65,60,75,110,121,64
869,Alcremie Gigantamax,Alcremie,Fairy,,,,,,
870,Falinks,,Fighting,65,100,100,70,60,75
871,Pincurchin,,Electric,48,101,95,91,85,15
872,Snom,,Ice,30,25,35,45,30,20
873,Frosmoth,Snom,Ice,70,65,60,125,90,65
874,Stonjourner,,Rock,100,125,135,20,20,70
875,Eiscue Noice Face,,Ice,75,80,70,65,50,130
875,Eiscue Ice Face,,Ice,75,80,110,65,90,50
876,Indeedee Female,,Psychic,70,55,65,95,105,85
876,Indeedee Male,,Psychic,60,65,55,105,95,95
877,Morpeko Hangry Mode,,Electric,58,95,58,70,58,97
877,Morpeko Full Belly Mode,,Electric,58,95,58,70,58,97
878,Cufant,,Steel,72,80,49,40,49,40
879,Copperajah Gigantamax,Copperajah,Steel,,,,,,
879,Copperajah,Cufant,Steel,122,130,69,80,69,30
880,Dracozolt,,Electric,90,100,90,80,70,75
881,Arctozolt,,Electric,90,100,90,90,80,55
882,Dracovish,,Water,90,90,100,70,80,75
883,Arctovish,,Water,90,90,100,80,90,55
884,Duraludon,,Steel,70,95,115,120,50,85
884,Duraludon Gigantamax,Duraludon,Steel,,,,,,
885,Dreepy,,Dragon,28,60,30,40,30,82
886,Drakloak,Dreepy,Dragon,68,80,50,60,50,102
887,Dragapult,Drakloak,Dragon,88,120,75,100,75,142
888,Zacian Hero of Many Battles,,Fairy,92,130,115,80,115,138
888,Zacian Crowned Sword,,Fairy,92,170,115,80,115,148
889,Zamazenta Crowned Shield,,Fighting,92,130,145,80,145,128
889,Zamazenta Hero of Many Battles,,Fighting,92,130,115,80,115,138
890,Eternatus Eternamax,,Poison,255,115,250,125,250,130
890,Eternatus,,Poison,140,85,95,145,95,130
891,Kubfu,,Fighting,60,90,60,53,50,72
892,Urshifu (Single Strike) Gigantamax,Urshifu (Single Strike),Fighting,,,,,,
892,Urshifu (Rapid Strike) Gigantamax,Urshifu (Rapid Strike),Fighting,,,,,,
892,Urshifu Single Strike Style,Kubfu,Fighting,100,130,100,63,60,97
892,Urshifu Rapid Strike Style,Kubfu,Fighting,100,130,100,63,60,97
893,Zarude,,Dark,105,120,105,70,95,105
894,Regieleki,,Electric,80,100,50,100,50,200
895,Regidrago,,Dragon,200,100,50,100,50,80
896,Glastrier,,Ice,100,145,130,65,110,30
897,Spectrier,,Ghost,100,65,60,145,80,130
898,Calyrex,,Psychic,100,80,80,80,80,80
898,Calyrex Shadow Rider,,Psychic,100,85,80,165,100,150
898,Calyrex Ice Rider,,Psychic,100,165,150,85,130,50
